Time,Pan_Error,Pan_Angle,Tilt_Error,Tilt_Angle
11.98230,20.91492,22.66040,6.95516,8.11607
12.03423,20.61109,43.24625,7.07068,15.20594
12.09723,20.40699,63.63637,7.11399,22.32710
12.13607,20.29861,83.92604,7.11340,29.44040
12.19461,20.23254,104.15317,7.07958,36.51443
12.22011,20.23254,124.38571,7.07958,43.59402
12.24200,20.20032,144.58340,7.05372,50.64351
12.28086,20.18932,155.18842,7.02722,57.66641
12.32976,20.16781,155.16607,7.02085,64.68623
12.36679,20.16781,155.16781,7.02085,71.70708
12.39027,20.14569,155.14391,7.01379,78.71973
12.41608,20.14569,155.14569,7.01379,85.73353
12.45284,20.12895,155.12761,6.98687,92.71607
12.49539,20.10738,155.10566,6.95336,99.66407
12.52446,20.10738,155.10738,6.95336,106.61743
12.56779,20.05766,155.05371,6.93329,113.54752
12.58954,20.02036,155.01739,6.92021,120.46566
12.63083,20.02036,155.02036,6.92021,127.38587
12.65951,19.99828,154.99654,6.93958,134.32851
12.68370,19.99350,154.99312,6.94691,141.27657
12.72038,19.99350,154.99350,6.94691,141.94691
12.76465,20.00957,155.01083,6.94667,141.94663
12.80683,20.00974,155.00976,6.93963,141.93854
12.83068,20.00974,155.00974,6.93963,141.93963
12.85582,19.97096,154.96794,6.93276,141.93169
12.89926,19.82729,154.81615,6.95226,141.95529
12.92459,19.82729,154.82729,6.95226,141.95226
12.95142,19.60844,154.59154,6.98372,141.98857
13.03300,19.25207,154.22473,6.89386,141.88007
13.10405,19.09234,154.08015,6.75747,141.73665
13.14215,19.09234,154.09234,6.75747,141.75747
13.16652,19.05330,154.05033,6.70476,141.69675
13.21193,19.02498,154.02284,6.67226,141.66735
13.24989,19.02549,154.02553,6.70570,141.71075
13.28987,19.01962,154.01917,6.75287,141.75997
13.32810,19.01962,154.01962,6.75287,141.75287
13.35146,19.02575,154.02621,6.75940,141.76037
13.41415,19.03057,154.03093,6.72637,141.72145
13.44049,19.03057,154.03057,6.72637,141.72637
13.46428,19.03606,154.03646,6.69333,141.68842
13.50755,19.01367,154.01201,6.65352,141.64763
13.53467,19.01367,154.01367,6.65352,141.65352
13.56188,18.98589,153.98384,6.64604,141.64493
13.60578,18.95247,153.95001,6.64041,141.63958
13.63072,18.95247,153.95247,6.64041,141.64041
13.65533,18.94150,153.94070,6.61999,141.61700
13.69583,18.93554,153.93511,6.60633,141.60434
13.73166,18.93554,153.93554,6.60633,141.60633
13.75767,18.94084,153.94123,6.60682,141.60689
13.79645,18.94084,153.94084,6.60682,141.60682
13.82248,18.94084,153.94084,6.60682,141.60682
13.86757,18.88059,153.87624,6.61374,141.61474
13.91003,18.68794,153.67409,6.66553,141.67298
13.93835,18.68794,153.68794,6.66553,141.66553
15.11931,20.14593,155.24236,7.01359,142.05963
15.16190,20.45792,155.47850,7.13639,142.15258
15.19834,20.45792,155.45792,7.13639,142.13639
15.21969,20.72015,155.73738,7.23772,142.25103
15.25872,20.88315,155.89384,7.32302,142.33420
15.29482,20.88315,155.88315,7.32302,142.32302
15.31466,21.01678,156.02550,7.42353,142.43666
15.35525,21.14536,156.15374,7.54376,142.55942
15.38725,21.14536,156.14536,7.54376,142.54376
15.42800,21.25815,156.26547,7.63611,142.64808
15.45068,21.25815,156.25815,7.63611,142.63611
15.47044,21.36466,156.37155,7.71646,142.72684
15.52333,21.51510,156.52479,7.76960,142.77645
15.56850,21.69020,156.70144,7.79708,142.80061
15.59097,21.69020,156.69020,7.79708,142.79708
15.61499,21.90696,156.92084,7.83754,142.84272
15.67457,22.24853,157.27033,7.87502,142.87980
15.71188,22.58893,157.61059,7.94315,142.95182
15.73453,22.58893,157.58893,7.94315,142.94315
15.77141,22.88357,157.90225,8.03222,143.04352
15.82421,23.20387,158.22411,8.14448,143.15867
15.86225,23.20387,158.20387,8.14448,143.14448
15.88644,23.40765,158.42048,8.22606,143.23633
15.92715,23.63414,158.64836,8.31262,143.32349
15.96751,23.86019,158.87435,8.34075,143.34428
16.00403,23.86019,158.86019,8.34075,143.34075
16.02551,24.06880,159.08182,8.34909,143.35014
16.09065,24.29651,159.31066,8.34978,143.34986
16.12427,24.52554,159.53974,8.40419,143.41094
16.15995,24.52554,159.52554,8.40419,143.40419
16.18214,24.81322,159.83100,8.47616,143.48505
16.22595,25.04064,160.05465,8.54966,143.55872
16.26478,25.25813,160.27150,8.65828,143.67164
16.31931,25.48884,160.50298,8.73883,143.74870
16.37301,25.68405,160.69598,8.81310,143.82217
16.39602,25.68405,160.68405,8.81310,143.81310
16.43550,25.84375,160.85347,8.86733,143.87393
16.45747,25.84375,160.84375,8.86733,143.86733
16.48389,26.01871,161.02933,8.91512,143.92092
16.52683,26.18813,161.19838,8.96337,143.96921
16.56726,26.35705,161.36725,8.99850,144.00274
16.61814,26.51572,161.52526,9.02052,144.02317
16.65583,26.51572,161.51572,9.02052,144.02052
16.68102,26.65450,161.66282,9.04791,144.05120
16.74376,26.68538,161.68723,9.15336,144.16596
16.77648,26.60811,161.60350,9.40833,144.43873
16.82987,26.44700,161.43743,9.72071,144.75783
16.86662,26.44700,161.44700,9.72071,144.72071
16.89689,26.29727,161.28841,10.04420,145.08249
16.93797,26.11077,161.09976,10.40787,145.45081
16.97138,25.93994,160.92987,10.80370,145.85035
17.03086,25.83682,160.83076,11.02325,146.04903
17.08770,25.73419,160.72819,11.23615,146.26107
17.14733,25.65413,160.64946,11.33233,146.34355
17.18066,25.56379,160.55853,11.33704,146.33759
17.22828,25.47292,160.46764,11.20627,146.19109
17.26425,25.47292,160.47292,11.20627,146.20627
17.28914,25.38350,160.37832,10.88969,145.85307
17.62666,24.48521,159.43425,6.14154,140.60279
17.65306,24.48521,159.48521,6.14154,141.14154
17.67533,24.23510,159.22095,5.96078,140.94033
17.74665,23.98526,158.97118,5.95345,140.95262
17.77008,23.98526,158.98526,5.95345,140.95345
17.79243,23.68412,158.66719,6.06406,141.07650
17.81429,23.68412,158.68412,6.06406,141.06406
17.84292,23.35852,158.34027,6.28214,141.30658
18.18806,21.76649,156.67895,9.12580,144.43850
18.21959,21.76649,156.76649,9.12580,144.12580
18.23988,21.62014,156.61211,9.31423,144.33490
18.29103,21.47275,156.46469,9.39875,144.40799
18.33285,21.30800,156.29901,9.39768,144.39756
18.36562,21.30800,156.30800,9.39768,144.39768
18.38700,21.10435,156.09327,9.37720,144.37498
18.41926,21.10435,156.10435,9.37720,144.37720
18.44297,20.86323,155.85015,9.36983,144.36903
18.49493,20.62673,155.61394,9.42204,144.42769
18.53010,20.62673,155.62673,9.42204,144.42204
18.55279,20.36673,155.35272,9.51388,144.52378
18.59224,20.15413,155.14269,9.61957,144.63094
18.62742,20.15413,155.15413,9.61957,144.61957
18.68408,19.88144,154.86685,9.77014,144.78626
18.75701,19.82715,154.82426,9.80299,144.80650
18.78195,19.82715,154.82715,9.80299,144.80299
18.80483,19.89915,154.90298,9.77739,144.77467
18.82886,19.89915,154.89915,9.77739,144.77739
18.85469,20.16768,155.18193,9.72454,144.71893
19.14266,23.04485,158.19516,10.01807,145.04874
19.20870,23.37045,158.38740,10.01977,145.01995
19.25284,23.62243,158.63552,9.99495,144.99238
19.29261,23.84900,158.86075,9.98982,144.98929
19.31412,23.84900,158.84900,9.98982,144.98982
19.35348,24.07888,159.09076,9.95199,144.94809
19.41191,24.31829,159.33062,9.89492,144.88903
19.43772,24.31829,159.31829,9.89492,144.89492
19.46198,24.50611,159.51576,9.85065,144.84610
19.50338,24.66254,159.67056,9.81275,144.80887
19.53598,24.66254,159.66254,9.81275,144.81275
19.55712,24.77372,159.77940,9.83925,144.84196
19.59636,24.85986,159.86426,9.91175,144.91915
19.63038,24.85986,159.85986,9.91175,144.91175
19.65292,24.97686,159.98281,9.96489,144.97030
19.68989,25.10787,160.11452,9.99261,144.99543
19.72450,25.10787,160.10787,9.99261,144.99261
19.76505,25.24844,160.25556,10.02019,145.02298
19.78804,25.24844,160.24844,10.02019,145.02019
19.80889,25.32903,160.33310,10.04652,145.04918
19.86995,25.34939,160.35042,10.07955,145.08287
19.91245,25.31435,160.31259,10.08520,145.08577
19.93484,25.31435,160.31435,10.08520,145.08520
19.96152,25.21357,160.20852,10.04461,145.04055
20.00135,25.02578,160.01639,9.95744,144.94872
20.03210,25.02578,160.02578,9.95744,144.95744
20.05563,24.80768,159.79680,9.80506,144.78986
20.07598,24.80768,159.80768,9.80506,144.80506
20.11559,24.60410,159.59398,9.56161,144.53740
20.15500,24.41512,159.40574,9.31204,144.28727
20.19254,24.41512,159.41512,9.31204,144.31204
20.21541,24.25147,159.24337,9.14137,144.12448
20.26076,24.09341,159.08560,9.02945,144.01841
20.30224,23.94004,158.93249,8.94354,143.93507
20.32380,23.94004,158.94004,8.94354,143.94354
20.34588,23.78019,158.77233,8.88377,143.87789
20.41306,23.64107,158.63426,8.81092,143.80378
20.44556,23.64107,158.64107,8.81092,143.81092
20.46686,23.54245,158.53763,8.69269,143.68113
20.48918,23.54245,158.54245,8.69269,143.69269
20.51288,23.42914,158.42361,8.60019,143.59117
20.56726,23.33552,158.33097,8.51472,143.50641
20.59787,23.29808,158.29626,8.42353,143.41468
20.66391,23.34026,158.34230,8.40468,143.40285
20.70148,23.45459,158.46011,8.39296,143.39183
20.73549,23.45459,158.45459,8.39296,143.39296
20.77724,23.60379,158.61097,8.39357,143.39363
20.81926,23.80467,158.81432,8.39523,143.39539
20.86648,24.07555,159.08853,8.37087,143.36853
20.89110,24.07555,159.07555,8.37087,143.37087
20.91419,24.33450,159.34688,8.39952,143.40226
21.06244,25.10927,160.14606,8.60953,143.62948
21.13205,25.35015,160.36155,8.68407,143.69112
21.31299,26.54727,161.60344,8.87616,143.89418
21.35289,26.75573,161.76549,8.87278,143.87246
21.38731,26.75573,161.75573,8.87278,143.87278
21.43418,26.99582,162.00702,8.90391,143.90681
21.46712,27.17260,162.18084,8.91357,143.91447
21.52474,27.30788,162.31416,8.92880,143.93022
21.56142,27.46495,162.47224,8.93183,143.93211
21.60134,27.46495,162.46495,8.93183,143.93183
21.63009,27.65156,162.66019,8.94907,143.95066
21.67342,27.88327,162.89396,8.98075,143.98368
21.69910,27.88327,162.88327,8.98075,143.98075
21.72731,28.08959,163.09909,9.01219,144.01509
21.78055,28.28742,163.29650,9.04307,144.04590
21.81880,28.40997,163.41558,9.04627,144.04657
21.85316,28.40997,163.40997,9.04627,144.04627
21.88057,28.45891,163.46114,9.02771,144.02602
21.92522,28.40866,163.40637,8.99233,143.98910
21.96537,28.23554,163.22766,8.92530,143.91920
22.00027,28.23554,163.23554,8.92530,143.92530
22.02393,28.06925,163.06169,8.89224,143.88924
22.08447,27.71445,162.69839,8.84703,143.84293
22.10918,27.71445,162.71445,8.84703,143.84703
22.66404,22.71680,157.49629,8.48825,143.45659
22.71502,22.46654,157.45552,8.51298,143.51516
22.74907,22.46654,157.46654,8.51298,143.51298
22.78929,22.26185,157.25287,8.52484,143.52588
22.82967,22.07284,157.06456,8.49793,143.49558
22.86524,22.07284,157.07284,8.49793,143.49793
22.88704,21.95130,156.94599,8.44451,143.43984
22.92639,21.95092,156.95090,8.38513,143.37995
22.96178,21.95092,156.95092,8.38513,143.38513
22.98801,22.03537,157.03904,8.32663,143.32154
23.02927,22.17162,157.17754,8.28780,143.28442
23.05174,22.17162,157.17162,8.28780,143.28780
23.09412,22.30240,157.30806,8.25521,143.25238
23.13694,22.39612,157.40017,8.22945,143.22722
23.17201,22.39612,157.39612,8.22945,143.22945
23.19566,22.47965,157.48325,8.22343,143.22291
23.23826,22.53177,157.53401,8.21039,143.20927
23.28952,22.49032,157.48854,8.21704,143.21762
23.32930,22.37527,157.37033,8.22966,143.23075
23.36624,22.37527,157.37527,8.22966,143.22966
23.38762,22.27058,157.26611,8.20941,143.20768
23.43477,22.20771,157.20502,8.21544,143.21596
23.48649,22.22529,157.22604,8.30121,143.30852
23.53614,22.34066,157.34556,8.55133,143.57258
23.56035,22.34066,157.34066,8.55133,143.55133
23.78749,22.74822,157.76536,10.38414,145.53824
23.81036,22.74822,157.74822,10.38414,145.38414
23.85341,22.75370,157.75392,10.59231,145.60976
23.89405,22.73696,157.73626,10.77414,145.78937
24.04023,22.81049,157.81355,11.29405,146.33731
24.08882,22.82024,157.82065,11.34589,146.35020
24.12218,22.82024,157.82024,11.34589,146.34589
24.53659,22.64335,157.63614,9.15499,143.97641
24.59060,22.61667,157.61559,8.78273,143.75245
24.62556,22.61667,157.61667,8.78273,143.78273
24.64523,22.61495,157.61488,8.43517,143.40696
24.68518,22.63483,157.63563,8.15301,143.13015
24.75691,22.66003,157.66105,7.91668,142.89759
24.78172,22.66003,157.66003,7.91668,142.91668
24.80408,22.69068,157.69192,7.73293,142.71812
24.82570,22.69068,157.69068,7.73293,142.73293
24.84849,22.72671,157.72816,7.53618,142.52034
24.89802,22.74147,157.74206,7.35842,142.34414
24.91953,22.74147,157.74147,7.35842,142.35842
24.94100,22.74093,157.74090,7.16760,142.15230
24.98704,22.72985,157.72941,7.02266,142.01106
25.02071,22.72985,157.72985,7.02266,142.02266
25.04319,22.72427,157.72404,6.92367,141.91577
25.09732,22.72933,157.72953,6.87742,141.87374
25.13279,22.72933,157.72933,6.87742,141.87742
25.15413,22.75013,157.75096,6.87756,141.87757
25.19515,22.78178,157.78304,6.93726,141.94199
25.22036,22.78178,157.78178,6.93726,141.93726
25.24491,22.84525,157.84776,7.04977,142.05869
25.30366,22.93474,157.93827,7.21509,142.22816
25.35435,23.05494,158.05968,7.38714,142.40071
25.39826,23.21685,158.22323,7.61170,142.62938
25.42077,23.21685,158.21685,7.61170,142.61170
25.46167,23.38257,158.38907,7.82328,142.83990
25.49944,23.54784,158.55433,8.02119,143.03672
25.53503,23.54784,158.54784,8.02119,143.02119
25.55775,23.69729,158.70313,8.20580,143.22024
25.59571,23.82531,158.83031,8.34437,143.35520
25.62733,23.82531,158.82531,8.34437,143.34437
25.64942,23.94289,158.94747,8.46980,143.47958
25.69221,24.07868,159.08397,8.53489,143.53996
25.72656,24.07868,159.07868,8.53489,143.53489
25.76755,24.16570,159.16908,8.58773,143.59184
25.80088,24.28845,159.29321,8.61470,143.61679
25.86750,24.47634,159.48360,8.62900,143.63011
25.90621,24.67905,159.68688,8.64363,143.64476
25.92948,24.67905,159.67905,8.64363,143.64363
25.95312,24.91137,159.92033,8.67776,143.68039
26.00685,25.13287,160.14139,8.71910,143.72228
26.02905,25.13287,160.13287,8.71910,143.71910
26.05322,25.34800,160.35626,8.77995,143.78462
26.07742,25.34800,160.34800,8.77995,143.77995
26.12150,25.54244,160.54988,8.86405,143.87049
26.16401,25.78346,160.79267,8.99366,144.00357
26.18613,25.78346,160.78346,8.99366,143.99366
26.20676,25.97817,160.98560,9.12678,144.13694
26.26296,26.16905,161.17631,9.24626,144.25535
26.30530,26.35840,161.36560,9.38657,144.39724
26.32790,26.35840,161.35840,9.38657,144.38657
26.35131,26.53820,161.54502,9.50688,144.51602
26.40043,26.74201,161.74973,9.61505,144.62324
26.42164,26.74201,161.74201,9.61505,144.61505
26.46030,26.90656,161.91278,9.68933,144.69495
26.49704,26.90656,161.90656,9.68933,144.68933
26.51897,27.10927,162.11692,9.75217,144.75691
26.55942,27.30273,162.31001,9.82707,144.83271
26.59387,27.30273,162.30273,9.82707,144.82707
26.61742,27.50062,162.50805,9.87787,144.88168
26.65784,27.66878,162.67508,9.94699,144.95218
26.70053,27.85759,162.86467,10.01643,145.02163
26.73187,27.85759,162.85759,10.01643,145.01643
26.77464,27.97727,162.98174,10.11828,145.12589
26.79658,27.97727,162.97727,10.11828,145.11828
26.81720,28.04366,163.04613,10.24423,145.25362
26.85797,28.03531,163.03500,10.34264,145.34997
26.89869,28.03531,163.03531,10.34264,145.34264
26.92435,27.98309,162.98115,10.47128,145.48083
26.96835,27.91111,162.90844,10.58069,145.58880
26.99278,27.91111,162.91111,10.58069,145.58069
27.01824,27.81978,162.81640,10.78758,145.80289
27.06019,27.71941,162.71570,10.99951,146.01517
27.08376,27.71941,162.71941,10.99951,145.99951
27.12622,27.59454,162.58994,11.25835,146.27744
27.16819,27.48032,162.47612,11.48236,146.49885
27.19109,27.48032,162.48032,11.48236,146.48236
27.21555,27.34494,162.33996,11.73074,146.74899
27.26566,27.25464,162.25132,11.95231,146.96857
27.28754,27.25464,162.25464,11.95231,146.95231
27.30910,27.10792,162.10255,12.18585,147.20295
27.36688,27.03128,162.02848,12.38888,147.40372
27.42116,26.93469,161.93116,12.56170,147.57430
27.45191,26.93469,161.93469,12.56170,147.56170
27.47273,26.84643,161.84322,12.66298,147.67035
27.51540,26.76681,161.76391,12.67405,147.67486
27.56733,26.70829,161.70617,12.51780,147.50646
27.59969,26.70829,161.70829,12.51780,147.51780
27.62259,26.67300,161.67172,12.22534,147.20417
27.91300,26.18002,161.16236,9.02429,143.79493
27.99222,26.05862,161.05429,8.77274,143.75476
28.01216,26.02923,161.02818,8.68865,143.68265
28.06128,25.97929,160.97751,8.70165,143.70257
28.09398,25.97929,160.97929,8.70165,143.70165
28.13436,25.94964,160.94859,8.74738,143.75063
28.15531,25.94964,160.94964,8.74738,143.74738
28.17678,25.90509,160.90351,8.80292,143.80686
28.22973,25.91563,160.91600,8.84564,143.84867
28.25296,25.91563,160.91563,8.84564,143.84564
28.27741,25.86577,160.86400,8.86786,143.86943
28.31706,25.87659,160.87697,8.87758,143.87827
28.36313,25.87133,160.87114,8.88410,143.88456
28.38526,25.87133,160.87133,8.88410,143.88410
28.43364,25.85100,160.85029,8.89370,143.89438
28.46445,25.85100,160.85100,8.89370,143.89370
28.48745,25.89128,160.89269,8.91735,143.91901
28.52547,25.89180,160.89182,8.93039,143.93131
28.55494,25.89180,160.89180,8.93039,143.93039
28.57771,25.88118,160.88081,8.93332,143.93353
28.61877,25.94195,160.94408,8.94450,143.94528
28.65309,25.94195,160.94195,8.94450,143.94450
28.67572,25.99068,160.99238,8.96070,143.96183
28.71428,26.15993,161.16582,8.99582,143.99826
28.74692,26.15993,161.15993,8.99582,143.99582
28.78887,26.46295,161.47348,9.09168,144.09834
28.92905,27.47647,162.51150,9.39259,144.41339
28.96488,27.47647,162.47647,9.39259,144.39259
29.00672,27.75282,162.76235,9.46447,144.46943
29.02847,28.08562,163.09708,9.52548,144.52968
29.08712,28.29808,163.30538,9.57125,144.57440
29.14451,28.50067,163.50762,9.61008,144.61275
29.38256,28.50763,163.50787,9.61105,144.61112
29.44454,28.25597,163.24743,9.55044,144.54633
30.14880,22.47551,157.28378,9.34632,144.33277
30.19030,22.36069,157.35689,9.35252,144.35293
30.22166,22.36069,157.36069,9.35252,144.35252
30.24279,22.30828,157.30655,9.34585,144.34541
30.28094,22.34016,157.34121,9.33282,144.33196
30.34758,22.44497,157.44842,9.30694,144.30523
30.40336,22.62775,157.63376,9.29456,144.29375
30.68795,24.90211,159.97622,9.53693,144.55273
30.74562,24.98767,159.99045,9.48531,144.48195
31.04546,22.80232,157.73192,8.62477,143.56933
31.10311,22.72331,157.72077,8.59093,143.58876
31.13602,22.72331,157.72331,8.59093,143.59093
31.15952,22.71267,157.71233,8.59759,143.59802
31.60097,25.58609,160.67702,9.15800,144.19347
31.62109,25.58609,160.58609,9.15800,144.15800
31.65852,25.60549,160.60611,9.06022,144.05404
31.69417,25.44532,160.44027,9.00101,143.99728
31.72102,25.44532,160.44532,9.00101,144.00101
32.16948,22.54557,157.45543,8.22326,143.17491
32.19971,22.42407,157.42030,8.12383,143.11766
32.56124,22.61507,157.62093,8.33814,143.35130
32.58106,22.61507,157.61507,8.33814,143.33814
32.71141,23.18271,158.20006,8.82602,143.85585
32.76088,23.35838,158.36374,8.93833,143.94519
32.79161,23.35838,158.35838,8.93833,143.93833
32.81288,23.55433,158.56030,9.02447,144.02972
33.21453,26.07899,161.15500,9.70661,144.74768
33.26407,26.38708,161.39634,9.75634,144.75933
33.28654,26.38708,161.38708,9.75634,144.75634
33.30869,26.61051,161.61721,9.81894,144.82270
33.36448,26.93176,161.94139,9.90089,144.90580
33.39257,26.93176,161.93176,9.90089,144.90089
33.41581,27.15958,162.16639,9.95834,144.96178
33.46438,27.38719,162.39399,10.00192,145.00453
33.51192,27.62929,162.63652,10.02688,145.02837
33.57223,27.85641,162.86318,10.04483,145.04590
33.62095,28.04397,163.04955,10.05694,145.05766
33.66515,28.22121,163.22648,10.04900,145.04853
33.69807,28.22121,163.22121,10.04900,145.04900
33.72009,28.40830,163.41385,10.04149,145.04104
33.78545,28.60088,163.60658,10.03383,145.03338
33.82591,28.73861,163.74268,10.00599,145.00434
33.86013,28.73861,163.73861,10.00599,145.00599
33.92038,28.72749,163.72716,9.93207,144.92771
33.96094,28.56389,163.55907,9.89331,144.89103
33.99795,28.56389,163.56389,9.89331,144.89331
34.02070,28.33696,163.33029,9.87365,144.87249
34.77753,22.45912,157.29010,9.79061,144.78583
34.81114,22.45912,157.45912,9.79061,144.79061
34.83163,22.24370,157.23752,9.78303,144.78260
34.85440,22.24370,157.24370,9.78303,144.78303
34.87670,22.11722,157.11359,9.76935,144.76856
34.92429,22.08507,157.08415,9.72974,144.72747
34.94738,22.08507,157.08507,9.72974,144.72974
34.96823,22.14300,157.14465,9.69074,144.68851
35.03209,22.28894,157.29311,9.67703,144.67625
35.07207,22.47234,157.47756,9.65178,144.65034
35.13854,22.71359,157.72046,9.62751,144.62613
35.16669,22.71359,157.71359,9.62751,144.62751
35.49298,25.02260,160.08765,9.79881,144.80847
35.53106,25.18347,160.18799,9.78720,144.78654
35.56381,25.18347,160.18347,9.78720,144.78720
35.58479,25.29854,160.30177,9.78720,144.78720
35.63467,25.28870,160.28842,9.78649,144.78645
35.65854,25.28870,160.28870,9.78649,144.78649
35.68041,25.16881,160.16545,9.79760,144.79822
36.13855,22.06369,156.97776,9.56010,144.54695
36.18694,22.03135,157.03045,9.48096,144.47658
36.21908,22.03135,157.03135,9.48096,144.48096
36.24119,22.13162,157.13438,9.43567,144.43317
36.69758,25.18407,160.26725,9.12117,144.10403
36.74280,25.34404,160.34839,9.09514,144.09373
36.81147,25.35911,160.35952,9.07747,144.07651
36.84503,25.30408,160.30259,9.07022,144.06983
36.89613,25.15401,160.14994,9.08877,144.08978
36.91766,25.15401,160.15401,9.08877,144.08877
37.23996,22.65021,157.58298,9.23544,144.24332
37.30100,22.43055,157.42466,9.25408,144.25508
37.34523,22.34625,157.34399,9.24669,144.24630
37.39931,22.38848,157.38961,9.20750,144.20540
37.42342,22.38848,157.38848,9.20750,144.20750
37.46017,22.55074,157.55507,9.16896,144.16690
37.49556,22.77983,157.78594,9.12423,144.12185
37.52710,22.77983,157.77983,9.12423,144.12423
37.86125,25.19783,160.26169,8.79318,143.77569
37.89919,25.37680,160.38152,8.73064,143.72734
37.93180,25.37680,160.37680,8.73064,143.73064
37.95281,25.46663,160.46900,8.67252,143.66946
38.00399,25.47574,160.47598,8.63814,143.63633
38.02496,25.47574,160.47574,8.63814,143.63814
38.04652,25.31066,160.30632,8.61265,143.61131
38.47184,22.53880,157.46675,8.88756,143.90185
38.52114,22.39187,157.38806,8.89312,143.89341
38.55965,22.37064,157.37009,8.87307,143.87203
38.59398,22.37064,157.37064,8.87307,143.87307
38.61608,22.43876,157.44053,8.84720,143.84586
38.65720,22.59559,157.59965,8.80872,143.80673
38.70013,22.82457,157.83049,8.76406,143.76175
38.73041,22.82457,157.82457,8.76406,143.76406
39.11214,25.99579,161.07687,8.85584,143.86053
39.14435,25.99579,160.99579,8.85584,143.85584
39.16661,26.10061,161.10328,8.90958,143.91233
39.18642,26.10061,161.10061,8.90958,143.90958
39.20657,26.12521,161.12584,8.94704,143.94895
39.27013,26.05113,161.04924,8.98548,143.98743
39.31722,25.87780,160.87340,8.99210,143.99243
39.37564,25.69922,160.69468,9.00617,144.00689
39.40410,25.47897,160.47338,8.99123,143.99047
39.43019,25.47897,160.47897,8.99123,143.99123
39.46642,25.36978,160.36702,9.00527,144.00598
39.52793,25.46533,160.46775,9.05206,144.05443
39.56570,25.56016,160.56255,9.07933,144.08071
39.58952,25.56016,160.56016,9.07933,144.07933
39.61861,25.51014,160.50887,9.06603,144.06536
39.65962,25.44983,160.44831,9.02586,144.02384
39.69305,25.44983,160.44983,9.02586,144.02586
39.71183,25.52512,160.52702,9.02656,144.02660
39.77654,25.63017,160.63281,9.05387,144.05525
39.79866,25.63017,160.63017,9.05387,144.05387
39.81817,25.62881,160.62878,9.07193,144.07284
39.84015,25.62881,160.62881,9.07193,144.07193
39.87429,25.56864,160.56713,9.05915,144.05851
39.92245,25.60373,160.60461,9.05289,144.05257
39.96405,25.64323,160.64422,9.06621,144.06688
39.99574,25.64323,160.64323,9.06621,144.06621
40.01585,25.60400,160.60302,9.07185,144.07213
40.06370,25.58349,160.58298,9.05235,144.05137
40.08553,25.58349,160.58349,9.05235,144.05235
40.12717,25.61499,160.61577,9.02753,144.02629
40.16298,25.61499,160.61499,9.02753,144.02753
40.18645,25.66829,160.66962,9.05316,144.05444
40.22531,25.61412,160.61278,9.05214,144.05209
40.24630,25.61412,160.61412,9.05214,144.05214
40.26659,25.61374,160.61373,9.02008,144.01848
40.31638,25.66340,160.66463,9.02074,144.02077
40.37325,25.63899,160.63838,9.04628,144.04754
40.41922,25.53426,160.53167,9.03808,144.03767
40.48349,25.50351,160.50275,9.01896,144.01802
40.53502,25.56857,160.57017,9.01940,144.01942
40.58069,25.59460,160.59525,9.03405,144.03477
40.61689,25.58394,160.58368,9.03204,144.03194
40.64430,25.58394,160.58394,9.03204,144.03204
40.66473,25.56302,160.56250,8.98007,143.97751
40.72647,25.63813,160.63997,8.94216,143.94030
40.78859,25.65745,160.65793,8.94122,143.94117
40.82024,25.65745,160.65745,8.94122,143.94122
40.84022,25.57828,160.57634,8.93341,143.93303
40.88587,25.53777,160.53678,8.91410,143.91316
40.92507,25.55290,160.55327,8.91445,143.91447
40.95429,25.55290,160.55290,8.91445,143.91445
40.97648,25.52850,160.52790,8.93999,143.94124
41.03345,25.45852,160.45682,8.93927,143.93924
41.07362,25.50333,160.50442,8.93400,143.93374
41.13543,25.63821,160.64149,8.94840,143.94910
41.16767,25.63821,160.63821,8.94840,143.94840
41.19172,25.67302,160.67386,8.97454,143.97580
41.23264,25.65317,160.65269,8.96748,143.96714
41.26533,25.65317,160.65317,8.96748,143.96748
41.28591,25.69279,160.69375,8.96207,143.96180
41.32232,25.71745,160.71805,8.98801,143.98926
41.35353,25.71745,160.71745,8.98801,143.98801
41.37287,25.66881,160.66763,9.01966,144.02120
41.43415,25.62843,160.62745,9.02023,144.02026
41.48352,25.68843,160.68987,9.02761,144.02796
41.53413,25.71312,160.71371,9.05354,144.05479
41.56087,25.71312,160.71312,9.05354,144.05354
41.58135,25.66886,160.66780,9.06623,144.06685
41.64158,25.70372,160.70456,9.04063,144.03940
41.68585,25.76339,160.76482,9.05453,144.05519
41.72042,25.74870,160.74835,9.07979,144.08100
41.74852,25.74870,160.74870,9.07979,144.07979
41.78548,25.72381,160.72321,9.07340,144.07310
41.82014,25.72381,160.72381,9.07340,144.07340
41.83973,25.74851,160.74910,9.07393,144.07396
41.89009,25.75354,160.75366,9.09998,144.10123
41.92666,25.71889,160.71806,9.11241,144.11300
41.96042,25.71889,160.71889,9.11241,144.11241
41.98054,25.71870,160.71870,9.08667,144.08545
42.02968,25.77388,160.77519,9.09377,144.09411
42.06610,25.77388,160.77388,9.09377,144.09377
42.09202,25.79909,160.79969,9.10649,144.10709
42.14085,25.75889,160.75793,9.09304,144.09240
42.19625,25.79360,160.79442,9.06784,144.06664
42.21868,25.79360,160.79360,9.06784,144.06784
42.24069,25.86869,160.87047,9.07661,144.07702
42.27963,25.91269,160.91373,9.10163,144.10282
42.33745,25.87295,160.87201,9.06180,144.05992
42.36950,25.87295,160.87295,9.06180,144.06180
42.39175,25.91804,160.91910,9.04937,144.04878
42.45301,25.98239,160.98391,9.04328,144.04299
42.50264,25.91832,160.91681,9.04157,144.04149
42.55435,25.84309,160.84133,9.02405,144.02322
42.59480,25.90760,160.90912,9.03620,144.03677
42.64630,25.88811,160.88766,9.06114,144.06231
42.68615,25.82825,160.82685,9.07404,144.07465
42.73783,25.81383,160.81349,9.06276,144.06224
42.76164,25.81383,160.81383,9.06276,144.06276
42.80856,25.88268,160.88429,9.06868,144.06896
42.84036,25.83880,160.83778,9.08705,144.08790
42.88770,25.81325,160.81265,9.06773,144.06682
42.90896,25.81325,160.81325,9.06773,144.06773
42.93885,25.86340,160.86457,9.08175,144.08240
42.98803,25.88778,160.88834,9.08837,144.08868
43.01825,25.88778,160.88778,9.08837,144.08837
43.04438,25.83409,160.83284,9.08722,144.08717
43.08676,25.85831,160.85888,9.07512,144.07455
43.12031,25.85831,160.85831,9.07512,144.07512
43.16488,25.92310,160.92460,9.08248,144.08282
43.20811,25.90882,160.90849,9.10089,144.10174
43.25422,25.82415,160.82219,9.08072,144.07979
43.29517,25.82871,160.82881,9.05523,144.05405
43.31669,25.82871,160.82871,9.05523,144.05523
43.33774,25.90810,160.90993,9.06268,144.06302
43.38648,25.89380,160.89347,9.08112,144.08197
43.40842,25.89380,160.89380,9.08112,144.08112
43.44777,25.82323,160.82161,9.04797,144.04645
43.52477,25.86298,160.86390,9.04930,144.04936
43.55450,25.91766,160.91891,9.06929,144.07021
43.59315,25.86428,160.86305,9.09379,144.09492
43.61465,25.86428,160.86428,9.09379,144.09379
43.64435,25.79855,160.79705,9.08082,144.08022
43.69267,25.82883,160.82953,9.05626,144.05513
43.71947,25.82883,160.82883,9.05626,144.05626
43.74146,25.90775,160.90956,9.10170,144.10377
43.77156,25.90775,160.90775,9.10170,144.10170
43.81097,25.83416,160.83248,9.08668,144.08600
43.85125,25.76823,160.76673,9.04800,144.04624
43.90404,25.81879,160.81994,9.04311,144.04289
43.93729,25.81879,160.81879,9.04311,144.04311
43.95913,25.90767,160.90969,9.06872,144.06989
43.99745,25.80429,160.80194,9.06008,144.05969
44.02718,25.80429,160.80429,9.06008,144.06008
44.04840,25.72837,160.72664,9.04754,144.04697
44.10645,25.76408,160.76489,9.05539,144.05575
44.13536,25.76408,160.76408,9.05539,144.05539
44.15657,25.82377,160.82513,9.10702,144.10936
44.18609,25.82377,160.82377,9.10702,144.10702
44.20542,25.73975,160.73785,9.09885,144.09848
44.25002,25.69453,160.69351,9.06118,144.05948
44.30016,25.78902,160.79115,9.05582,144.05558
44.33180,25.78902,160.78902,9.05582,144.05582
44.35426,25.86835,160.87014,9.09430,144.09603
44.39370,25.77921,160.77720,9.08004,144.07940
44.42600,25.77921,160.77921,9.08004,144.08004
44.46762,25.79861,160.79904,9.05499,144.05386
44.49750,25.79861,160.79861,9.05499,144.05499
44.52001,25.88337,160.88527,9.06254,144.06288
44.56770,25.87331,160.87308,9.08102,144.08185
44.61555,25.71376,160.71019,9.04872,144.04727
44.65714,25.75360,160.75450,9.03522,144.03461
44.72668,25.86344,160.86589,9.05549,144.05640
44.74849,25.86385,160.86386,9.08752,144.08895
44.76974,25.86385,160.86385,9.08752,144.08752
44.81653,25.73461,160.73173,9.06654,144.06560
44.87154,25.72889,160.72876,9.04777,144.04694
44.91845,25.82375,160.82586,9.04305,144.04284
44.95796,25.87324,160.87434,9.06836,144.06949
44.98505,25.87324,160.87324,9.06836,144.06836
45.00463,25.72928,160.72609,9.03333,144.03177
45.05443,25.68361,160.68259,8.98255,143.98029
45.11277,25.80362,160.80628,9.01668,144.01820
45.14921,25.80362,160.80362,9.01668,144.01668
45.17009,25.88804,160.88991,9.07521,144.07780
45.20281,25.88804,160.88804,9.07521,144.07521
45.22420,25.74476,160.74160,9.08563,144.08609
45.26462,25.70405,160.70315,9.07393,144.07341
45.28658,25.70405,160.70405,9.07393,144.07393
45.30751,25.81456,160.81700,9.09518,144.09612
45.36850,25.96331,160.96659,9.16161,144.16453
45.42002,25.88469,160.88296,9.17932,144.18010
45.47588,25.88974,160.88985,9.14781,144.14642
45.56306,26.37180,161.38238,9.25132,144.25586
45.59070,26.37180,161.37180,9.25132,144.25132
45.61080,26.35067,161.35020,9.26674,144.26742
45.65932,26.19393,161.19050,9.22815,144.22646
45.68665,26.19393,161.19393,9.22815,144.22815
45.70766,26.14260,161.14148,9.36610,144.37213
45.91199,26.81706,161.83175,10.86235,145.92753
45.96596,26.84519,161.84581,11.13608,146.14799
46.00146,26.84519,161.84519,11.13608,146.13608
46.02663,26.86921,161.86973,11.37084,146.38105
46.07098,26.85740,161.85715,11.65498,146.66732
46.12710,26.88639,161.88702,11.96781,146.98137
46.14822,26.88639,161.88639,11.96781,146.96781
46.16984,26.87394,161.87367,12.18787,147.19741
46.22071,26.83032,161.82937,12.26000,147.26312
46.25223,26.83032,161.83032,12.26000,147.26000
46.27331,26.71353,161.71101,12.19038,147.18737
46.31240,26.68690,161.68633,12.10836,147.10481
46.37781,26.67615,161.67592,12.01138,147.00719
46.41376,26.67602,161.67601,11.97240,146.97072
46.44801,26.67602,161.67602,11.97240,146.97240
46.48843,26.67593,161.67592,11.97871,146.97898
46.52818,26.65644,161.65602,12.01723,147.01889
46.56437,26.65644,161.65644,12.01723,147.01723
46.58677,26.64168,161.64136,12.05564,147.05728
46.63301,26.62697,161.62666,12.06845,147.06900
46.65684,26.62697,161.62697,12.06845,147.06845
46.67908,26.61131,161.61098,12.05549,147.05494
46.71944,26.58135,161.58070,12.02911,147.02798
46.77357,26.55053,161.54987,11.99602,146.99460
46.80524,26.55053,161.55053,11.99602,146.99602
46.82627,26.52005,161.51940,11.94341,146.94116
46.84851,26.52005,161.52005,11.94341,146.94341
46.89011,26.49944,161.49900,11.92392,146.92309
46.93516,26.48973,161.48953,11.91730,146.91702
46.95825,26.48973,161.48973,11.91730,146.91730
46.98028,26.48973,161.48973,11.91730,146.91730
47.01899,26.49925,161.49945,11.91093,146.91066
47.04505,26.49925,161.49925,11.91093,146.91093
47.06764,26.50464,161.50475,11.91746,146.91773
47.13710,26.49954,161.49943,11.91761,146.91762
47.17138,26.49954,161.49954,11.91761,146.91761
47.19627,26.48330,161.48296,11.85893,146.85645
47.24267,26.44330,161.44245,11.70380,146.69724
47.58436,26.16454,161.15868,9.06442,143.95348
47.63535,26.13424,161.13361,8.96594,143.96181
47.65846,26.13424,161.13424,8.96594,143.96594
47.68088,26.09412,161.09328,8.97848,143.97900
47.72638,26.05189,161.05100,9.01429,144.01579
47.75418,26.05189,161.05189,9.01429,144.01429
47.78872,26.04999,161.04995,9.04970,144.05118
47.81931,26.04999,161.04999,9.04970,144.04970
47.84226,26.02009,161.01946,9.05556,144.05580
47.88314,25.91968,160.91758,9.04585,144.04544
47.93719,25.84614,160.84461,9.06616,144.06701
47.96529,25.84614,160.84614,9.06616,144.06616
47.98875,25.76150,160.75973,9.11772,144.11987
48.02697,25.69806,160.69674,9.17367,144.17600
48.04925,25.69806,160.69806,9.17367,144.17367
48.07431,25.70244,160.70253,9.23502,144.23757
48.11055,25.70244,160.70244,9.23502,144.23502
48.14935,25.70400,160.70404,9.26536,144.26662
48.19147,25.73263,160.73323,9.27458,144.27496
48.21062,25.73263,160.73263,9.27458,144.27458
48.24997,25.73770,160.73780,9.27445,144.27444
48.28952,25.74258,160.74268,9.24847,144.24740
48.32978,25.75235,160.75255,9.24191,144.24163
48.36718,25.75235,160.75235,9.24191,144.24191
48.38890,25.76210,160.76230,9.22229,144.22148
48.42816,25.76210,160.76210,9.22229,144.22229
48.46260,25.76210,160.76210,9.22229,144.22229
48.54919,25.76191,160.76190,9.19614,144.19506
48.58599,25.75684,160.75674,9.19627,144.19628
48.61476,25.75684,160.75684,9.19627,144.19627
48.63479,25.74198,160.74168,9.19591,144.19590
48.69471,25.72308,160.72269,9.18713,144.18677
48.73529,25.78202,160.78323,9.19662,144.19701
48.75705,25.78202,160.78202,9.19662,144.19662
49.21423,28.63717,163.69519,9.44046,144.45037
49.24694,28.78011,163.78301,9.47131,144.47257
49.30685,28.82024,163.82105,9.50539,144.50678
49.34117,28.80084,163.80045,9.51145,144.51170
49.39885,28.72195,163.72035,9.50252,144.50215
49.43386,28.63819,163.63650,9.48667,144.48603
49.50338,28.57875,163.57755,9.45248,144.45110
49.52642,28.57875,163.57875,9.45248,144.45248
49.54987,28.54907,163.54847,9.43176,144.43092
49.60289,28.53386,163.53355,9.41168,144.41087
49.63057,28.53386,163.53386,9.41168,144.41168
49.65256,28.52356,163.52335,9.39154,144.39073
49.69134,28.51350,163.51330,9.37172,144.37092
49.71441,28.51350,163.51350,9.37172,144.37172
49.74789,28.49830,163.49800,9.35161,144.35080
49.80843,28.48357,163.48328,9.35109,144.35107
49.84274,28.48357,163.48357,9.35109,144.35109
49.86399,28.48357,163.48357,9.35109,144.35109
49.90445,28.48357,163.48357,9.35109,144.35109
49.92634,28.48357,163.48357,9.35109,144.35109
49.95113,28.47844,163.47833,9.33791,144.33738
50.01134,28.47844,163.47844,9.33791,144.33791
50.04623,28.47328,163.47318,9.32453,144.32400
50.10480,28.46350,163.46330,9.31784,144.31758
50.15298,28.46328,163.46327,9.30472,144.30420
50.17589,28.46328,163.46328,9.30472,144.30472
50.20332,28.44317,163.44277,9.28461,144.28381
50.24840,28.38915,163.38807,9.26251,144.26163
50.80974,23.30433,158.20425,8.76473,143.74513
50.86229,23.21113,158.20930,8.76428,143.76426
50.89578,23.21113,158.21113,8.76428,143.76428
50.91813,23.15927,158.15825,8.79027,143.79129
50.96174,23.14390,158.14359,8.79034,143.79034
50.99734,23.14390,158.14390,8.79034,143.79034
51.02326,23.14364,158.14363,8.80349,143.80401
51.04715,23.16469,158.16510,8.81665,143.81717
51.10155,23.20580,158.20660,8.83002,143.83055
51.13682,23.20580,158.20580,8.83002,143.83002
51.17714,23.22647,158.22687,8.83013,143.83014
51.22228,23.24749,158.24790,8.84330,143.84381
51.26367,23.24200,158.24190,8.83350,143.83312
51.28420,23.24200,158.24200,8.83350,143.83350
51.30540,23.24714,158.24724,8.83024,143.83011
51.35408,23.22163,158.22114,8.82046,143.82008
51.38717,23.22163,158.22163,8.82046,143.82046
51.40709,23.21639,158.21629,8.81695,143.81681
51.46643,23.17463,158.17382,8.78082,143.77941
51.49787,23.17463,158.17463,8.78082,143.78082
51.51843,23.19024,158.19054,8.76459,143.76396
51.57467,23.16418,158.16367,8.75451,143.75412
51.62386,23.18487,158.18527,8.75130,143.75117
51.66091,23.18487,158.18487,8.75130,143.75130
51.69557,23.18487,158.18487,8.75130,143.75130
51.71748,23.19015,158.19025,8.75112,143.75111
51.75279,23.20053,158.20073,8.75155,143.75156
51.77569,23.20053,158.20053,8.75155,143.75155
51.81518,23.21083,158.21103,8.75123,143.75122
51.87662,23.22622,158.22651,8.75152,143.75153
51.92419,23.21104,158.21074,8.68948,143.68709
